trees,config,level,integrity,durability,decisions,reps,inference_p50_ns,evidence_p50_ns,evidence_mean_ns,evidence_p50_ci95_lo,evidence_p50_ci95_hi,evidence_p95_ns,evidence_p99_ns,total_p50_ns,total_p99_ns,total_max_ns,within_100us_pct,within_1ms_pct
25,default,2,fs-hmac,fsync-every-100,198000,10,625.0,4000.0,9309.6,4000.0,4041.0,6042.0,333069.6,4625.0,333650.5,8908792,99.0,100.0
25,level-L1,1,fs-hmac,fsync-every-100,198000,10,583.0,1917.0,7141.6,1917.0,1917.0,3125.0,337457.6,2666.0,337790.3,1807375,99.0,100.0
25,level-L3,3,fs-hmac,fsync-every-100,198000,10,667.0,9209.0,14872.7,9208.0,9229.5,12500.0,406493.6,9834.0,406827.0,2458416,99.0,100.0
25,integ-chain,2,sha256-chain,fsync-every-100,198000,10,625.0,3375.0,8551.1,3334.0,3375.0,5292.0,167296.1,4000.0,170612.4,2283041,99.0,100.0
25,integ-fssagg,2,fssagg-mac,fsync-every-100,198000,10,625.0,3959.0,9216.7,3958.0,4000.0,5875.0,145668.3,4584.0,149094.3,2476166,99.0,100.0
25,integ-ed25519,2,ed25519-record,fsync-every-100,198000,10,917.0,35000.0,40762.9,34917.0,35083.0,41167.0,445936.2,36042.0,447509.6,6438416,99.0,100.0
25,dur-buffered,2,fs-hmac,buffered,198000,10,583.0,3542.0,4049.3,3541.0,3562.0,5625.0,38209.4,4167.0,38375.4,209125,100.0,100.0
25,dur-fsync1,2,fs-hmac,fsync-every-1,18000,10,1916.0,339437.5,348866.6,325687.5,351250.0,586961.0,692250.0,341458.0,694335.7,8915000,0.0,99.9
100,default,2,fs-hmac,fsync-every-100,198000,10,4917.0,10917.0,16083.8,10896.0,10959.0,16583.0,94505.1,15833.0,106259.8,3011833,99.0,100.0
100,level-L1,1,fs-hmac,fsync-every-100,198000,10,4709.0,2292.0,7611.9,2291.0,2292.0,3833.0,63492.9,7208.0,305002.5,5015083,99.0,100.0
100,level-L3,3,fs-hmac,fsync-every-100,198000,10,4958.0,16000.0,21706.0,15875.0,16083.0,22916.0,99792.4,20959.0,140669.9,6903500,99.0,100.0
100,integ-chain,2,sha256-chain,fsync-every-100,198000,10,4875.0,10208.0,15197.7,10166.0,10249.5,15708.0,124222.1,15042.0,135211.2,2328834,99.0,100.0
100,integ-fssagg,2,fssagg-mac,fsync-every-100,198000,10,4875.0,10875.0,15961.4,10791.0,10958.5,16458.0,129500.9,15750.0,167292.8,3872917,99.0,100.0
100,integ-ed25519,2,ed25519-record,fsync-every-100,198000,10,5500.0,42417.0,47539.6,42291.0,42479.5,49791.0,166494.2,48042.0,177733.0,12237667,99.0,100.0
100,dur-buffered,2,fs-hmac,buffered,198000,10,4417.0,10000.0,10232.6,9917.0,10062.5,15417.0,40625.0,14458.0,42792.0,5120333,100.0,100.0
100,dur-fsync1,2,fs-hmac,fsync-every-1,18000,10,8604.5,334750.0,354649.6,330187.5,340541.5,593135.4,748823.2,343834.0,758937.8,6747833,0.0,99.2
200,default,2,fs-hmac,fsync-every-100,198000,10,13167.0,21084.0,26855.1,20750.0,20959.0,34502.0,486432.3,34584.0,512925.3,18539625,98.3,100.0
200,level-L1,1,fs-hmac,fsync-every-100,198000,10,12083.0,2625.0,7704.6,2604.0,2625.0,4208.0,102910.8,15041.0,172874.6,2264875,99.0,100.0
200,level-L3,3,fs-hmac,fsync-every-100,198000,10,12959.0,25792.0,31283.5,25750.0,25875.0,38792.0,215682.0,38917.0,372858.3,3068042,99.0,100.0
200,integ-chain,2,sha256-chain,fsync-every-100,198000,10,12958.0,20208.0,25475.3,20104.5,20251.0,32209.0,483543.1,33375.0,501674.1,55311625,98.8,100.0
200,integ-fssagg,2,fssagg-mac,fsync-every-100,198000,10,12875.0,20750.0,25602.9,20667.0,20833.0,32417.0,245362.0,33792.0,392961.3,3746083,99.0,100.0
200,integ-ed25519,2,ed25519-record,fsync-every-100,198000,10,13500.0,52500.0,57712.3,52333.0,52625.0,66500.0,519552.4,66459.0,527517.1,8533000,97.4,100.0
200,dur-buffered,2,fs-hmac,buffered,198000,10,12083.0,19333.0,19298.3,19208.0,19375.0,30166.0,52834.0,31500.0,72708.0,3089875,99.9,100.0
200,dur-fsync1,2,fs-hmac,fsync-every-1,18000,10,19625.0,343542.0,352416.3,340667.0,346479.0,564968.4,670377.1,363666.0,693755.4,1879125,0.0,99.8
