trees,op,level,n,median_ns,mean_ns,p25_ns,p75_ns,ci95_lo_ns,ci95_hi_ns
25,inference_compiled,-,201,1302.0,2012.3,854.2,1864.5,1198.0,1437.5
25,inference_reference_walk,-,201,1015.6,1310.0,901.0,1187.5,990.9,1049.5
25,explain_saabas_top3,-,201,1356.8,1469.5,1263.0,1513.0,1325.5,1387.4
25,digest_sha256,-,201,209.5,215.5,209.3,210.0,209.3,209.5
25,digest_keyed_hmac,-,201,297.0,303.6,296.7,301.4,296.9,297.0
25,drift_update,-,201,46.8,47.4,46.7,46.9,46.7,46.8
25,serialize_json,L1,201,238.4,247.8,237.8,244.1,238.1,238.9
25,serialize_binary,L1,201,17.0,17.1,16.9,17.0,17.0,17.0
25,serialize_json,L2,201,568.7,573.7,567.7,569.7,568.4,568.7
25,serialize_binary,L2,201,17.5,17.7,17.5,17.8,17.5,17.5
25,serialize_json,L3,201,5614.6,5618.8,5507.8,5721.4,5593.8,5635.4
25,serialize_binary,L3,201,80.2,81.2,80.2,80.9,80.2,80.4
25,sha256-chain,L2,201,235.5,236.8,235.0,235.7,235.5,235.7
25,fs-hmac,L2,201,836.6,840.6,835.9,837.9,836.6,836.6
25,fssagg-mac,L2,201,838.6,845.3,837.9,839.2,838.5,838.6
25,ed25519-record,L2,201,30750.0,32504.7,30667.0,31084.0,30708.0,30750.0
25,anchor_event,-,201,34458.5,35647.1,34229.0,34812.5,34396.0,34542.0
25,append,buffered,201,283.4,294.8,258.8,303.7,276.9,288.7
25,append,write,201,450.8,462.1,434.6,467.8,446.6,453.1
25,append,fsync-every-100,201,7074.2,5316.8,483.7,7557.9,6959.6,7174.5
25,append,fsync-every-10,30,47723.9,41106.8,45468.8,53476.6,46838.6,49578.2
25,append,fsync-every-1,30,342854.0,333498.6,309635.8,358198.2,321771.0,352646.0
100,inference_compiled,-,201,4286.4,4376.6,3604.1,4901.1,4083.4,4385.5
100,inference_reference_walk,-,201,8000.0,7602.4,4542.0,10208.0,7208.0,8500.0
100,explain_saabas_top3,-,201,7390.6,7644.0,6625.0,8489.6,7088.6,7640.6
100,digest_sha256,-,201,209.5,214.5,209.3,212.2,209.5,209.6
100,digest_keyed_hmac,-,201,297.0,301.1,296.9,298.2,297.0,297.2
100,drift_update,-,201,46.6,56.8,46.5,46.7,46.6,46.6
100,serialize_json,L1,201,238.4,240.4,238.0,238.9,238.4,238.6
100,serialize_binary,L1,201,17.0,17.0,16.9,17.0,17.0,17.0
100,serialize_json,L2,201,574.2,577.0,571.9,577.8,573.2,575.2
100,serialize_binary,L2,201,17.5,17.7,17.5,17.8,17.5,17.6
100,serialize_json,L3,201,5554.7,5569.7,5440.1,5669.2,5515.6,5591.1
100,serialize_binary,L3,201,80.1,80.5,80.1,80.2,80.1,80.1
100,sha256-chain,L2,201,235.5,236.6,234.9,235.7,235.4,235.5
100,fs-hmac,L2,201,836.6,840.7,835.9,837.2,835.9,836.6
100,fssagg-mac,L2,201,839.2,843.0,838.5,839.8,838.6,839.2
100,ed25519-record,L2,201,30708.0,30905.9,30625.0,30750.0,30667.0,30708.0
100,anchor_event,-,201,34500.0,34686.0,34187.5,34667.0,34396.0,34541.5
100,append,buffered,201,275.6,289.2,263.3,294.6,273.0,282.2
100,append,write,201,449.5,452.7,439.1,460.3,446.6,453.1
100,append,fsync-every-100,201,6552.1,5208.4,482.4,6954.4,6369.1,6628.9
100,append,fsync-every-10,30,46638.0,42318.9,41423.2,53774.7,44158.9,48864.6
100,append,fsync-every-1,30,323604.5,329986.1,296437.2,353323.2,308042.0,349125.0
200,inference_compiled,-,201,13375.0,15674.6,8208.0,21084.0,12083.0,16625.0
200,inference_reference_walk,-,201,16291.0,15318.6,9541.0,20167.0,14334.0,16792.0
200,explain_saabas_top3,-,201,16145.8,16733.0,13885.2,18635.5,15677.2,16708.2
200,digest_sha256,-,201,209.5,214.4,209.3,211.6,209.5,209.5
200,digest_keyed_hmac,-,201,296.9,301.9,296.7,297.7,296.9,297.0
200,drift_update,-,201,46.7,47.3,46.6,46.8,46.7,46.7
200,serialize_json,L1,201,238.4,239.9,238.0,239.1,238.3,238.6
200,serialize_binary,L1,201,16.9,17.0,16.9,17.0,16.9,16.9
200,serialize_json,L2,201,572.9,654.5,571.6,574.2,572.6,573.2
200,serialize_binary,L2,201,17.6,17.8,17.6,17.9,17.6,17.9
200,serialize_json,L3,201,5565.1,5584.7,5460.9,5687.5,5536.4,5604.1
200,serialize_binary,L3,201,80.2,80.6,80.1,80.2,80.2,80.2
200,sha256-chain,L2,201,235.5,236.9,234.9,235.7,235.2,235.5
200,fs-hmac,L2,201,835.9,841.1,835.9,836.6,835.9,836.6
200,fssagg-mac,L2,201,838.6,845.5,837.9,839.2,838.5,838.6
200,ed25519-record,L2,201,30667.0,30908.6,30625.0,30709.0,30667.0,30667.0
200,anchor_event,-,201,34270.5,34107.6,34062.5,34437.5,34187.5,34312.5
200,append,buffered,201,264.0,275.9,253.9,280.0,261.1,270.5
200,append,write,201,433.0,438.4,426.1,446.3,431.6,436.2
200,append,fsync-every-100,201,6528.0,4915.2,474.6,6834.6,6414.7,6606.8
200,append,fsync-every-10,30,46062.5,43047.2,41957.1,50897.2,44046.9,48309.9
200,append,fsync-every-1,30,311937.5,319500.0,280135.2,332864.8,291812.5,326334.0
