features,level,encoding,mean_bytes,hash_field_bytes,share_hash_pct,six_months_1Hz_GB
42,L1,json-hex,336.0,161,47.92,5.3
42,L1,binary-raw,119.0,64,53.78,1.88
42,L2,json-hex,387.3,161,41.57,6.11
42,L2,binary-raw,137.0,64,46.72,2.16
42,L3,json-hex,555.0,161,29.01,8.75
42,L3,binary-raw,473.0,64,13.53,7.46
20,L1,json-hex,336.0,161,47.92,5.3
20,L1,binary-raw,119.0,64,53.78,1.88
20,L2,json-hex,386.5,161,41.66,6.09
20,L2,binary-raw,137.0,64,46.72,2.16
20,L3,json-hex,485.3,161,33.18,7.65
20,L3,binary-raw,297.0,64,21.55,4.68
100,L1,json-hex,336.0,161,47.92,5.3
100,L1,binary-raw,119.0,64,53.78,1.88
100,L2,json-hex,387.7,161,41.53,6.11
100,L2,binary-raw,137.0,64,46.72,2.16
100,L3,json-hex,777.6,161,20.7,12.26
100,L3,binary-raw,937.0,64,6.83,14.77
500,L1,json-hex,336.0,161,47.92,5.3
500,L1,binary-raw,119.0,64,53.78,1.88
500,L2,json-hex,390.3,161,41.25,6.15
500,L2,binary-raw,137.0,64,46.72,2.16
500,L3,json-hex,2251.5,161,7.15,35.5
500,L3,binary-raw,4137.0,64,1.55,65.23
